,,,,,,,,,,,,,,,,,,,,,,,,,,,,,
,RENCANA PROYEKSI PENERIMAAN LAYANAN 2023 - 2027 (BLU),,,,,,,,,,,,,,,,,,,,,,,,,,,,
,MENURUT KELOMPOK PARAMETER PENGUJIAN ,,,,,,,,,,,,,,,,,,,,,,,,,,,,
,1,,,,,,,,,,,,,,,,,,,,,,,,,,,,
,No,,Parameter Pengujian,HPP BLU (Rp),Tarif LPPT UGM,Tarif Pengujian UII,Tarif Balabkes     Dinkes DIY,Tarif BBTKLPP DIY,Tarif PP 54 Th 2021 (Rp),,,2024,,2025,,2026,,2027,,,Tarif Pesaing,,,,,,,,
,,,,,,,,,,,,Sampel (bh),Rp,Sampel (bh),Rp,Sampel (bh),Rp,Sampel (bh),Rp,Asumsi Growth /tahun ,BPIPI SIDOHARJO,"Unit Pengelola Pengujian dan Inspeksi, Sertifikasi Produk Perindustrian, Perdagangan, Koperasi Usaha Kecil dan Menengah DKI Jakarta",LAB.BAN TUV Rheinland Indonesia,Pusat Penelitian Karet (LP – Puslit Karet),BBBBT,Balai Pengujian Mutu Barang Jakarta,BBTKLPP DIY,BBKFK,PT. Mutuagung Lestari Jawa Barat
,1,,KULIT,,-,,,,,,,,"66,900,000",,"80,280,000",,"100,350,000",,"100,350,000",,,,,,,,,,
,,,Organoleptis,"21,263",-,-,,,"41,000",,,0 ,0,0 ,0,0 ,0,0 ,0,,,,,,,,,,
,,,Penyamakan,"37,805",-,-,,,"34,000",,,0 ,0,0 ,0,0 ,0,0 ,0,,,,,,,,,,
,,,Penyerapan air,"32,176",-,-,,,"41,000",,,0 ,0,0 ,0,0 ,0,0 ,0,,,,,,,,,,
,,,Ketebalan,"18,052",-,-,,,"34,000",,,0 ,0,0 ,0,0 ,0,0 ,0,,"34,000",,,,,,,,
,,,Kekuatan tarik & perpanjangan putus,"192,373",-,-,,,"34,000",,,0 ,0,0 ,0,0 ,0,0 ,0,,"41,000",,,,,,,,
,,,Kekuatan sobek,"188,873",-,-,,,"109,000",,,0 ,0,0 ,0,0 ,0,0 ,0,,,,,,,,,,
,,,Ketahanan retak & letup,"165,998",-,-,,,"61,000",,,0 ,0,0 ,0,0 ,0,0 ,0,,,,,,,,,,
,,,Temperatur Pengerutan,,-,-,,"  2,000 ","41,000",,,0 ,0,0 ,0,0 ,0,0 ,0,,,,,,,,,,
,Kimia,,pH,"69,763",15000,"  10,000 ","  22,000 ","  10,000 ","41,000",,,0 ,0,0 ,0,0 ,0,0 ,0,,,,,,,,,,
,Kimia,,Kadar abu,"69,570",60000,-,"  52,000 ",,"41,000",,,0 ,0,0 ,0,0 ,0,0 ,0,,,,,,,,,,
,Kimia,,Kadar minyak lemak,,-,"  126,000 ","  65,000 ","  32,000 ","68,000",,,0 ,0,0 ,0,0 ,0,0 ,0,,,,,,,,,,
,,,Bahan mudah menguap (kadar air),"79,693",278000,-,"  52,000 ",,"89,000",,,0 ,0,0 ,0,0 ,0,0 ,0,,,,,,,,,,
,,,Kadar krom oksida,"113,325",-,"  105,000 ","  42,500 ","  20,000 ","89,000",,,0 ,0,0 ,0,0 ,0,0 ,0,,,,,,,,,,
,,,Ketahanan bengkung,"166,435",-,-,,,"34,000",,,0 ,0,0 ,0,0 ,0,0 ,0,,"55,000",,,,,,,,
,,,Permeabilitas uap air,"131,435",-,-,,,"137,000",,,0 ,0,0 ,0,0 ,0,0 ,0,,,,,,,,,,
,,,Kelemasan,"60,115",-,-,,,"150,000",,,0 ,0,0 ,0,0 ,0,0 ,0,,,,,,,,,,
,,,Ketahanlunturan warna terhadap penggosokan,"96,372",-,-,,,"150,000",,,0 ,0,0 ,0,0 ,0,0 ,0,,"150,000",,,,,,,,
,,,Formaldehid Bebas,"146,788",-,-,,,"41,000",,,0 ,0,0 ,0,0 ,0,0 ,0,,,,,,,,,,
,Kimia,,Krom VI,"256,154",-,-,,,"105,000",,,100,"66,900,000",120,80280000,150,100350000,150,100350000,5.0%,"105,000",,,,,,,,
,,,Kekuatan jahit,"188,873",-,-,,,"109,000",,,0 ,0,0 ,0,0 ,0,0 ,0,,,,,,,,,,
,,,Ketahanan bengkuk 20.000 kali,"166,435",-,-,,,"27,000",,,0 ,0,0 ,0,0 ,0,0 ,0,,,,,,,,,,
,,,Taber abrasion,"73,608",-,-,,,"55,000",,,0 ,0,0 ,0,0 ,0,0 ,0,,,,,,,,,,
,,,Massa jenis,,-,-,,,"34,000",,,0 ,0,0 ,0,0 ,0,0 ,0,,,,,,,,,,
,,,Massa per unit area,,-,-,,,"34,000",,,0 ,0,0 ,0,0 ,0,0 ,0,,,,,,,,,,
,,,Perpanjangan putus,"192,373",-,-,,,"34,000",,,0 ,0,0 ,0,0 ,0,0 ,0,,,,,,,,,,
,,,"Kemuluran, melintang","192,373",-,-,,,"34,000",,,0 ,0,0 ,0,0 ,0,0 ,0,,,,,,,,,,
,,,Warna,"21,263",-,-,"  42,000 ","  7,000 ","41,000",,,0 ,0,0 ,0,0 ,0,0 ,0,,,,,,,,,,
,,,Kelepasan Nerf,,-,-,,,"13,700",,,0 ,0,0 ,0,0 ,0,0 ,0,,,,,,,,,,
,,,Elastisitas,,-,-,,,"3,400",,,0 ,0,0 ,0,0 ,0,0 ,0,,,,,,,,,,
,,,,,-,,,,,,,,,,,,,,,,,,,,,,,,
,2,,KARET,,-,,,,,,,,0,,0,,#REF!,,#REF!,,,,,,,,,,
,,,Kekuatan sobek,"202,243",-,-,,,"120,000",,,0 ,0,0 ,0,#REF!,#REF!,#REF!,#REF!,,,,,"150,000",,,,,
,,,Kekuatan rekat dengan bahan tekstil,"118,136",,,,,"48,000",,,,,,,,,,,,,,,,,,,,
,,,Kekuatan tarik & perpanjangan putus,"204,193",-,-,,,"120,000",,,0 ,0,0 ,0,#REF!,#REF!,#REF!,#REF!,,,,,"150,000",,,,,
,,,Kekerasan (IRHD),"65,315",-,-,,,"30,000",,,0 ,0,0 ,0,#REF!,#REF!,#REF!,#REF!,,,,,,,,,,
,,,Pengusangan,,-,-,,,,,,0 ,0,0 ,0,#REF!,#REF!,#REF!,#REF!,,,,,,,,,,
,,,24 jam,"343,451",,,,,"49,000",,,,,,,,,,,,,,,,,,,,
,,,48 jam,"595,350",,,,,,,,,,,,,,,,,,,,,,,,,
,,,72 jam,"847,249",,,,,,,,,,,,,,,,,,,,,,,,,
,,,168 jam,"1,854,846",,,,,,,,,,,,,,,,,,,,,,,,,
,,,"Perpanjangan tetap, suhu lab","66,187",,,,,"120,000",,,,,,,,,,,,,,,,,,,,
,,,"Perpanjangan tetap, suhu oven",,-,-,,,"120,000",,,0 ,0,0 ,0,#REF!,#REF!,#REF!,#REF!,,,,,,,,,,
,,,24 jam,"346,086",,,,,,,,,,,,,,,,,,,,,,,,,
,,,72 jam,"849,885",,,,,,,,,,,,,,,,,,,,,,,,,
,,,168 jam,"1,857,481",,,,,,,,,,,,,,,,,,,,,,,,,
,,,Compression set suhu lab,"79,565",,,,,,,,,,,,,,,,,,,,,,,,,
,,,"Compreesion set, suhu oven",,,,,,,,,,,,,,,,,,,,,,,,,,
,,,24 jam,"423,016",,,,,,,,,,,,,,,,,,,,,,,,,
,,,72 jam,"926,814",,,,,,,,,,,,,,,,,,,,,,,,,
,,,168 jam,"1,934,411",,,,,,,,,,,,,,,,,,,,,,,,,
,,,Berat jenis,"84,553",-,-,,,"30,000",,,0 ,0,0 ,0,#REF!,#REF!,#REF!,#REF!,,,,,"50,000",,,,,
,,,Ketahanan kikis,"199,869",-,-,,,"55,000",,,0 ,0,0 ,0,#REF!,#REF!,#REF!,#REF!,,,,,"300,000",,,,,
,,,Kekerasan,"65,315",-,-,,,"30,000",,,0 ,0,0 ,0,#REF!,#REF!,#REF!,#REF!,,,,,"50,000",,,,,
,,,"Perubahan perpanjangan putus (Aging 70°C , 3 hari)","1,015,891",-,-,,,"120,000",,,0 ,0,0 ,0,0 ,0,0 ,0,,,,,,,,,,
,,,"Perubahan kekuatan tarik (Aging 70°C , 3 hari)","1,015,891",-,-,,,"120,000",,,0 ,0,0 ,0,0 ,0,0 ,0,,,,,,,,,,
,,,"Perubahan kekerasan (Aging 70°C , 3 hari)","849,013",-,-,,,"30,000",,,0 ,0,0 ,0,#REF!,#REF!,#REF!,#REF!,,,,,,,,,,
,,,Modulus,"204,193",-,-,,,"50,000",,,0 ,0,0 ,0,#REF!,#REF!,#REF!,#REF!,,,,,,,,,,
,,,Top cover – ply 1 (Sifat Fisis-Kekuatan rekat),"201,752",-,-,,,"48,000",,,0 ,0,0 ,0,#REF!,#REF!,#REF!,#REF!,,,,,,,,,,
,,,Ply 1 – ply 2 (Sifat Fisis-Kekuatan rekat),"201,752",-,-,,,"48,000",,,0 ,0,0 ,0,#REF!,#REF!,#REF!,#REF!,,,,,,,,,,
,,,Ply 2 – ply 3 (Sifat Fisis-Kekuatan rekat),"201,752",-,-,,,"48,000",,,0 ,0,0 ,0,#REF!,#REF!,#REF!,#REF!,,,,,,,,,,
,,,Ply 3 – ply 4 (Sifat Fisis-Kekuatan rekat),"201,752",-,-,,,"48,000",,,0 ,0,0 ,0,#REF!,#REF!,#REF!,#REF!,,,,,,,,,,
,,,Bottom cover – ply 4 (Sifat Fisis-Kekuatan rekat),"201,752",-,-,,,"48,000",,,0 ,0,0 ,0,#REF!,#REF!,#REF!,#REF!,,,,,,,,,,
,,,Ply 4 – ply 5 (Sifat Fisis-Kekuatan rekat),"201,752",-,-,,,"48,000",,,0 ,0,0 ,0,#REF!,#REF!,#REF!,#REF!,,,,,,,,,,
,,,Bottom cover – ply 5 (Sifat Fisis-Kekuatan rekat),"201,752",-,-,,,"48,000",,,0 ,0,0 ,0,#REF!,#REF!,#REF!,#REF!,,,,,,,,,,
,,,Water absorption,"66,612",-,-,,,"55,000",,,0 ,0,0 ,0,#REF!,#REF!,#REF!,#REF!,,,,,,,,,,
,,,Thickness,"46,035",-,-,,,"34,000",,,0 ,0,0 ,0,#REF!,#REF!,#REF!,#REF!,,,,,,,,,,
,,,density,"84,553",-,-,,,"30,000",,,0 ,0,0 ,0,0 ,0,0 ,0,,,,,,,,,,
,,,Elongation at break,"204,193",-,-,,,"120,000",,,0 ,0,0 ,0,0 ,0,0 ,0,,,,,,,,,,
,,,Perubahan kuat rekat (Bottom cover - ply 4),"201,752",-,-,,,"48,000",,,0 ,0,0 ,0,#REF!,#REF!,#REF!,#REF!,,,,,,,,,,
,,,Perubahan kuat rekat (bottom - ply 5),"201,752",-,-,,,"48,000",,,0 ,0,0 ,0,#REF!,#REF!,#REF!,#REF!,,,,,,,,,,
,,,Jumlah lapisan,"63,642",-,-,,,"34,000",,,0 ,0,0 ,0,#REF!,#REF!,#REF!,#REF!,,,,,,,,,,
,,,Tebal total,"63,642",-,-,,,"34,000",,,0 ,0,0 ,0,#REF!,#REF!,#REF!,#REF!,,,,,,,,,,
,,,Tebal bottom cover,"63,642",-,-,,,"34,000",,,0 ,0,0 ,0,#REF!,#REF!,#REF!,#REF!,,,,,,,,,,
,,,Tebal top cover,"63,642",-,-,,,"34,000",,,0 ,0,0 ,0,#REF!,#REF!,#REF!,#REF!,,,,,,,,,,
,,,"Adhesion, after immersion IRM 903, 2 hours","726,752",-,-,,,"48,000",,,0 ,0,0 ,0,#REF!,#REF!,#REF!,#REF!,,,,,,,,,,
,,,"Adhesion, after aging 125 ⁰C, 1000 hours","10,727,890",-,-,,,"48,000",,,0 ,0,0 ,0,0 ,0,0 ,0,,"34,000",,,,,,,,
,,,Adhesion,"201,752",-,-,,,"48,000",,,0 ,0,0 ,0,0 ,0,0 ,0,,,,,,,,,,
,,,Perubahan volume dalam air,"66,612",-,-,,,"34,000",,,0 ,0,0 ,0,#REF!,#REF!,#REF!,#REF!,,,,,,,,,,
,,,Perubahan kuat rekat (Top cover - ply 1),"545,203",-,-,,,"48,000",,,0 ,0,0 ,0,0 ,0,0 ,0,,,,,,,,,,
,,,Perubahan kuat rekat (ply 1 - ply 2),"545,203",-,-,,,"48,000",,,0 ,0,0 ,0,0 ,0,0 ,0,,,,,,,,,,
,,,Perubahan kuat rekat (ply 2 - ply 3),"545,203",-,-,,,"48,000",,,0 ,0,0 ,0,#REF!,#REF!,#REF!,#REF!,,,,,,,,,,
,,,Perubahan kuat rekat (ply 3 - ply 4),"545,203",-,-,,,"48,000",,,0 ,0,0 ,0,#REF!,#REF!,#REF!,#REF!,,,,,,,,,,
,,,Perubahan kuat rekat (ply 4 - ply 5),"545,203",-,-,,,"48,000",,,0 ,0,0 ,0,#REF!,#REF!,#REF!,#REF!,,,,,,,,,,
,,,,,,,,,,,,,,,,,,,,,,,,,,,,,
,,,Ketahanan Ozon,drop,-,"  220,000 ",,,"225,000",,,0 ,0,0 ,0,#REF!,#REF!,#REF!,#REF!,,,,,,,,,,
,,,,,,,,,,,,,,,,,,,,,,,,,,,,,
,3,,BAN DALAM,"1,376,482",0,0,0,0,"791,000",,,,0,,0,,0,,0,,,,,,,"900,000",,,
,,,Kekuatan tarik badan,"201,821",-,-,,,"150,000",,,0 ,0,0 ,0,0 ,0,0 ,0,,,,,,,,,,
,,,Perpanjangan putus,"201,900",-,-,,,"150,000",,,0 ,0,0 ,0,0 ,0,0 ,0,,,,,,,,,,
,,,Kekuatan tarik sambungan,"201,821",-,-,,,"120,000",,,0 ,0,0 ,0,0 ,0,0 ,0,,,,,,,,,,
,,,Perpanjangan tetap  (kemuluran tetap),"176,406",-,-,,,"150,000",,,0 ,0,0 ,0,0 ,0,0 ,0,,,,,,,,,,
,,,Pengusangan,"573,272",-,-,,,"180,000",,,0 ,0,0 ,0,0 ,0,0 ,0,,,,,,,,,,
,,,Sifat tampak,"21,263",-,-,,,"41,000",,,0 ,0,0 ,0,0 ,0,0 ,0,,,,,,,,,,
,,,,,,,,,,,,,,,,,,,,,,,,,,,,,
,4,,BAN LUAR TRUCK DAN BUS,#REF!,0,0,0,0,"2,591,000",,,,0,,0,,0,,0,,,,"13,000,000",,"4,000,000","3,240,000",,,
,,,Sifat tampak,"21,263",-,-,,,"41,000",,,,,,,,,,,,,,,,,,,,
,,,"Dimensi (lebar, diameter) (TTKAN)",#REF!,-,-,,,"300,000",,,0 ,0,0 ,0,0 ,0,0 ,0,,,,,,,,,,
,,,"lndikator keausan telapak (Tread Wear Indicator, TWI)",#REF!,-,-,,,"300,000",,,0 ,0,0 ,0,0 ,0,0 ,0,,,,,,,,,,
,,,Energi penembusan (breaking energy),#REF!,-,-,,,"450,000",,,0 ,0,0 ,0,0 ,0,0 ,0,,,,,,,,,,
,,,"Ketahanan pada berbagai beban (endurance), Kondisi setelah diuji",#REF!,-,-,,,"1,500,000",,,0 ,0,0 ,0,0 ,0,0 ,0,,,,,,,,,,
,,,,,,,,,,,,0 ,0,0 ,0,0 ,0,0 ,0,,,,,,,,,,
,5,,BAN LUAR LT,#REF!,0,0,0,0,"3,091,000",,,0 ,0,0 ,0,0 ,0,0 ,0,,,,"13,000,000","4,000,000","4,000,000","2,900,000",,,
,,,Sifat tampak,"21,263",-,-,,,"41,000",,,,,,,,,,,,,,,,,,,,
,,,"Dimensi (lebar, diameter) (TTKAN)",#REF!,-,-,,,"300,000",,,0 ,0,0 ,0,0 ,0,0 ,0,,,,,,,,,,
,,,"lndikator keausan telapak (Tread Wear Indicator, TWI)",#REF!,-,-,,,"300,000",,,0 ,0,0 ,0,0 ,0,0 ,0,,,,,,,,,,
,,,Energi penembusan (breaking energy),#REF!,-,-,,,"450,000",,,0 ,0,0 ,0,0 ,0,0 ,0,,,,,,,,,,
,,,Ketahanan ban pada berbagai kecepatan (high speed),#REF!,-,-,,,"500,000",,,0 ,0,0 ,0,0 ,0,0 ,0,,,,,,,,,,
,,,"Ketahanan pada berbagai beban (endurance), Kondisi setelah diuji",#REF!,-,-,,,"1,500,000",,,0 ,0,0 ,0,0 ,0,0 ,0,,,,,,,,,,
,,,,,,,,,,,,0 ,0,0 ,0,0 ,0,0 ,0,,,,,,,,,,
,6,,BAN LUAR MOBIL PENUMPANG,#REF!,0,0,0,0,"4,041,000",,,0 ,0,0 ,0,0 ,0,0 ,0,,,,"12,000,000","4,000,000","4,000,000","3,240,000",,,
,,,Sifat tampak,"21,263",-,-,,,"41,000",,,,,,,,,,,,,,,,,,,,
,,,"Dimensi (lebar, diameter) (TTKAN)",#REF!,-,-,,,"300,000",,,0 ,0,0 ,0,0 ,0,0 ,0,,,,,,,,,,
,,,"lndikator keausan telapak (Tread Wear Indicator, TWI)",#REF!,-,-,,,"300,000",,,0 ,0,0 ,0,0 ,0,0 ,0,,,,,,,,,,
,,,Bead Unseating (Tubeless),#REF!,-,-,,,"450,000",,,,,,,,,,,,,,,,,,,,
,,,Energi penembusan (breaking energy),#REF!,-,-,,,"450,000",,,,,,,,,,,,,,,,,,,,
,,,Ketahanan ban pada berbagai kecepatan (high speed),#REF!,-,-,,,"500,000",,,,,,,,,,,,,,,,,,,,
,,,Ketahanan saat tekanan angin rendah (low inflation pressure),#REF!,,,,,"500,000",,,,,,,,,,,,,,,,,,,,
,,,"Ketahanan pada berbagai beban (endurance), Kondisi setelah diuji",#REF!,-,-,,,"1,500,000",,,,,,,,,,,,,,,,,,,,
,,,,,,,,,,,,,,,,,,,,,,,,,,,,,
,6,,BAN LUAR SEPEDA MOTOR,#REF!,0,0,0,0,"3,091,000",,,,,,,,,,,,,,"9,000,000","37,000,000","3,000,000","1,750,000",,,
,,,Sifat tampak,"21,263",-,-,,,"41,000",,,,,,,,,,,,,,,,,,,,
,,,"Dimensi (lebar, diameter) (TTKAN)",#REF!,-,-,,,"300,000",,,,,,,,,,,,,,,,,,,,
,,,"lndikator keausan telapak (Tread Wear Indicator, TWI)",#REF!,-,-,,,"300,000",,,,,,,,,,,,,,,,,,,,
,,,Energi penembusan (breaking energy),#REF!,-,-,,,"450,000",,,,,,,,,,,,,,,,,,,,
,,,Ketahanan ban pada berbagai kecepatan (high speed),#REF!,-,-,,,"500,000",,,0 ,0,0 ,0,0 ,0,0 ,0,,,,,,,,,,
,,,"Ketahanan pada berbagai beban (endurance), Kondisi setelah diuji",#REF!,-,-,,,"1,500,000",,,0 ,0,0 ,0,0 ,0,0 ,0,,,,,,,,,,
,,,,,,,,,,,,,,,,,,,,,,,,,,,,,
,5,,ROL KARET PENGUPAS GABAH,"1,668,482",0,0,0,0,"484,000",,,,0,,0,,#REF!,,#REF!,,,,,,,,,,
,,,Diameter luar,"73,136",-,-,,,"20,000",,,,,,,,,,,,,,,,,,,,
,,,Diameter dalam,"73,136",-,-,,,"20,000",,,,,,,,,,,,,,,,,,,,
,,,Diameter flensa,"148,598",-,-,,,"20,000",,,,,,,,,,,,,,,,,,,,
,,,Lingkaran dasar lubang baut,"148,598",-,-,,,"20,000",,,,,,,,,,,,,,,,,,,,
,,,Diameter lubang baut,"148,598",-,-,,,"20,000",,,,,,,,,,,,,,,,,,,,
,,,Lebar rol,"73,136",-,-,,,"20,000",,,,,,,,,,,,,,,,,,,,
,,,Lebar dalam,"73,136",-,-,,,"20,000",,,,,,,,,,,,,,,,,,,,
,,,Tebal flensa,"148,598",-,-,,,"34,000",,,,,,,,,,,,,,,,,,,,
,,,Tebal velg,"148,598",-,-,,,"34,000",,,,,,,,,,,,,,,,,,,,
,,,Visual,"21,263",-,-,,,"41,000",,,,,,,,,,,,,,,,,,,,
,,,Kekuatan tarik & perpanjangan putus,"204,193",-,-,,,"120,000",,,,,,,,,,,,,,,,,,,,
,,,Kekerasan sebelum pemanasan,"65,315",-,-,,,"30,000",,,,,,,,,,,,,,,,,,,,
,,,Kekerasan setelah pemanasan,"142,307",,,,,"30,000",,,,,,,,,,,,,,,,,,,,
,,,Ketahanan kikis,"199,869",-,-,,,"55,000",,,0 ,0,0 ,0,#REF!,#REF!,#REF!,#REF!,,,,,,,,,,
,,,,,,,,,,,,,,,,,,,,,,,,,,,,,
,6,,SOL KARET CETAK,,,,,,,,,,0,,0,,0,,0,,,"200,000",,,,,,,
,,,Keadaan dan kenampakan sol,"16,015",,,,,"41,000",,,,,,,,,,,,,,,,,,,,
,,,Nomor sol kanan dan kiri,"16,015",,,,,"41,000",,,,,,,,,,,,,,,,,,,,
,,,Kekuatan tarik,"204,193",,,,,"120,000",,,,,,,,,,,,,,,,,,,,
,,,Perpanjangan putus,"204,193",,,,,"120,000",,,,,,,,,,,,,,,,,,,,
,,,Kekuatan sobek,"202,243",,,,,"120,000",,,,,,,,,,,,,,,,,,,,
,,,"Perpanjangan tetap, suhu lab","66,187",,,,,"120,000",,,,,,,,,,,,,,,,,,,,
,,,"Perpanjangan tetap, dalam oven",,-,-,,,"120,000",,,,,,,,,,,,,,,,,,,,
,,,24 jam,"346,086",,,,,,,,,,,,,,,,,,,,,,,,,
,,,72 jam,"849,885",,,,,,,,,,,,,,,,,,,,,,,,,
,,,168 jam,"1,857,481",,,,,,,,,,,,,,,,,,,,,,,,,
,,,Berat jenis,"84,553",-,-,,,"30,000",,,,,,,,,,,,,,,,,,,,
,,,Ketahanan kikis,"199,869",-,-,,,"55,000",,,,,,,,,,,,,,,,,,,,
,,,Ketahanan bengkung,"214,422",,,,,"34,000",,,,,,,,,,,,,,,,,,,,
,,,Stabilitas dimensi,"371,451",,,,,"20,000",,,,,,,,,,,,,,,,,,,,
,,,,,,,,,,,,,,,,,,,,,,,,,,,,,
,7,,SEPATU PENGAMAN,"4,507,205",0,0,0,0,"2,250,000",,,,,,,,,,,,"1,688,000",,,,,,,,
,,,Bentuk sepatu kanan dan kiri,"16,015",,,,,"41,000",,,,,,,,,,,,,,,,,,,,
,,,Bagian atas dan bawah,"16,015",,,,,"41,000",,,,,,,,,,,,,,,,,,,,
,,,Pencantuman tanda & kode pada sepatu kanan dan kiti,"16,015",,,,,"41,000",,,,,,,,,,,,,,,,,,,,
,,,Nomor sepatu kanan dan kiri,"16,015",,,,,"41,000",,,,,,,,,,,,,,,,,,,,
,,,Konstruksi,"16,015",,,,,"41,000",,,,,,,,,,,,,,,,,,,,
,,,Pengeras depan,"16,015",,,,,"41,000",,,,,,,,,,,,,,,,,,,,
,,,Jahitan rantai dan kunci,"22,210",,,,,"41,000",,,,,,,,,,,,,,,,,,,,
,,,Tinggi bagian atas sepatu,"20,142",,,,,"41,000",,,,,,,,,,,,,,,,,,,,
,,,Kuat rekat bagian atas dengan sol luar,"223,033",,,,,"41,000",,,,,,,,,,,,,,,,,,,,
,,,Kuat rekat sol tengah dengan sol luar (jika ada),"223,033",,,,,"41,000",,,,,,,,,,,,,,,,,,,,
,,,Ketebalan (bagian atas),"35,011",,,,,"34,000",,,,,,,,,,,,,,,,,,,,
,,,Kekuatan sobek (bagian atas),"188,873",,,,,"109,000",,,,,,,,,,,,,,,,,,,,
,,,Kekuatan tarik (bagian atas),"192,373",,,,,"34,000",,,,,,,,,,,,,,,,,,,,
,,,Kadar pH (bagian atas),,,,,,"41,000",,,,,,,,,,,,,,,,,,,,
,,,Jumlah helai dalam lilitan (benang jahit),"16,015",,,,,"41,000",,,,,,,,,,,,,,,,,,,,
,,,Kekuatan tarik (benang jahit),"230,488",,,,,"120,000",,,,,,,,,,,,,,,,,,,,
,,,Perpanjangan putus (benang jahit),"230,488",,,,,"120,000",,,,,,,,,,,,,,,,,,,,
,,,Kekuatan sobek (lapis bagian depan dan samping),"188,873",,,,,"109,000",,,,,,,,,,,,,,,,,,,,
,,,Kekuatan sobek (lidah),"188,873",,,,,"109,000",,,,,,,,,,,,,,,,,,,,
,,,Kadar pH (lidah),"69,763",,,,,"41,000",,,,,,,,,,,,,,,,,,,,
,,,Panjang sisi dalam (pengeras depan),"20,142",,,,,"41,000",,,,,,,,,,,,,,,,,,,,
,,,Ketahanan pukul dengan energi 200 J (pengeras depan),"246,937",,,,,"41,000",,,,,,,,,,,,,,,,,,,,
,,,Ketahanan tekanan dengan beban 15 kN (pengeras depan),"203,942",,,,,"120,000",,,,,,,,,,,,,,,,,,,,
,,,Ketahanan korosi (pengeras depan),"67,336",,,,,"34,000",,,,,,,,,,,,,,,,,,,,
,,,Ketebalan (sol dalam),"40,549",,,,,"34,000",,,,,,,,,,,,,,,,,,,,
,,,Kadar pH (sol dalam),"69,763",,,,,"41,000",,,,,,,,,,,,,,,,,,,,
,,,Penyerapan & penguapan air (sol dalam),"82,012",,,,,"41,000",,,,,,,,,,,,,,,,,,,,
,,,Area kembangan sol (sol luar),"50,847",,,,,"41,000",,,,,,,,,,,,,,,,,,,,
,,,Tebal sol (sol luar),"50,847",,,,,"34,000",,,,,,,,,,,,,,,,,,,,
,,,Kekuatan sobek sol (sol luar),"202,243",,,,,"120,000",,,,,,,,,,,,,,,,,,,,
,,,Berat jenis sol (sol luar),"84,553",,,,,"34,000",,,,,,,,,,,,,,,,,,,,
,,,Ketahanan kikis sol (sol luar),"199,869",,,,,"34,000",,,,,,,,,,,,,,,,,,,,
,,,Kekerasan sol,"65,315",,,,,"30,000",,,,,,,,,,,,,,,,,,,,
,,,Ketahanan terhadap perluasan sobekan sol,"198,469",,,,,"164,000",,,,,,,,,,,,,,,,,,,,
,,,Ketahanan terhadap minyak pelumas sol,"196,928",,,,,"83,000",,,,,,,,,,,,,,,,,,,,
,,,Ketahanan terhadap hidrolisis sol,"802,187",,,,,"190,000",,,,,,,,,,,,,,,,,,,,
,,,,,,,,,,,,,,,,,,,,,,,,,,,,,
,8,,PLASTIK,,,,,,,,,,,,,,,,,,,,,,,,,"1,132,000",
,,,Kekuatan tarik & perpanjangan putus,"253,390",-,-,,,"120,000",,,,,,,,,,,,,,,,,,,"210,000",
,,,Kekuatan sobek,"252,715",,,,,"120,000",,,,,,,,,,,,,,,,,,,,
,,,Panjang ekor jahitan,"54,761",-,-,,,"30,000",,,,,,,,,,,,,,,,,,,,
,,,"Kekuatan tarik per 5 cm (Arah lusi, Arah pakan) (Karung tenun)","252,140",-,-,,,"150,000",,,,,,,,,,,,,,,,,,,,
,,,Kekuatan jahitan per 5 cm (Karung tenun),"252,140",-,-,,,"109,000",,,,,,,,,,,,,,,,,,,,
,,,Organoleptis (keadaan dan kenampakan),"21,263",-,-,,,"41,000",,,,,,,,,,,,,,,,,,,,
,,,Kekuatan tarik melintang,"253,390",-,-,,,"120,000",,,,,,,,,,,,,,,,,,,,
,,,Kekuatan tarik membujur,"253,390",-,-,,,"120,000",,,,,,,,,,,,,,,,,,,,
,,,Ketahanan rekat antara lapisan plastik dan lapisan penguat (peeling test),,-,-,,,"48,000",,,,,,,,,,,,,,,,,,,,
,,,Kemuluran melintang,"253,390",-,-,,,"120,000",,,,,,,,,,,,,,,,,,,,
,,,Kemuluran membujur,"253,390",-,-,,,"120,000",,,,,,,,,,,,,,,,,,,,
,,,Jarak jahitan ke tepi lipatan,"54,761",-,-,,,"30,000",,,,,,,,,,,,,,,,,,,,
,,,Visual,"21,263",-,-,,,"41,000",,,,,,,,,,,,,,,,,,,,
,,,Ketebalan,"133,463",-,-,,,"34,000",,,,,,,,,,,,,,,,,,,"45,000",
,,,Panjang bersih,"54,761",-,-,,,"30,000",,,,,,,,,,,,,,,,,,,,
,,,Lebar,"54,761",-,-,,,"30,000",,,,,,,,,,,,,,,,,,,,
,,,Nomor pita,,-,-,,,"30,000",,,,,,,,,,,,,,,,,,,,
,,,"Jumlah anyaman (Arah horizontal per 10 cm, Arah vertikal per 10 cm)","54,761",-,-,,,"30,000",,,,,,,,,,,,,,,,,,,,
,,,Jumlah jahitan per 10 cm,"54,761",-,-,,,"30,000",,,,,,,,,,,,,,,,,,,,
,,,Lebar lipatan jahitan,"54,761",-,-,,,"30,000",,,,,,,,,,,,,,,,,,,,
,,,Organoleptik (Permukaan),"21,263",-,-,,,"41,000",,,,,,,,,,,,,,,,,,,,
,,,Dimensi (Panjang),"54,761",-,-,,,"30,000",,,,,,,,,,,,,,,,,,,,
,,,Dimensi (lebar),"54,761",-,-,,,"30,000",,,,,,,,,,,,,,,,,,,,
,,,Dimensi (tebal),"54,761",-,-,,,"30,000",,,,,,,,,,,,,,,,,,,,
,,,Dimensi (diameter lubang keliling),"54,761",-,-,,,"30,000",,,,,,,,,,,,,,,,,,,,
,,,Dimensi (lebar lipatan),"54,761",-,-,,,"30,000",,,,,,,,,,,,,,,,,,,,
,,,Dimensi (jarak antar lubang dari titik sudut),"54,761",-,-,,,"30,000",,,,,,,,,,,,,,,,,,,,
,,,Gramatur,"85,297",-,-,,,"34,000",,,,,,,,,,,,,,,,,,,,
,,,Jumlah Anyaman,"54,761",-,-,,,"30,000",,,,,,,,,,,,,,,,,,,,
,,,Tarik Sambungan (kuat tarik),"252,140",-,-,,,"120,000",,,,,,,,,,,,,,,,,,,,
,,,Tarik Sambungan (regang putus),"252,140",-,-,,,"120,000",,,,,,,,,,,,,,,,,,,,
,,,Ukuran logo,"54,761",-,-,,,"30,000",,,,,,,,,,,,,,,,,,,,
,,,Warna logo,"21,263",-,"  10,000 ","  42,000 ","  7,000 ","41,000",,,,,,,,,,,,,,,,,,,,
,,,Letak logo,"54,761",-,-,,,"41,000",,,,,,,,,,,,,,,,,,,,
,,,Jumlah anyaman per 10 cm,"54,761",-,-,,,"30,000",,,,,,,,,,,,,,,,,,,,
,,,,,,,,,,,,,,,,,,,,,,,,,,,,,
,,,,,,,,,,,,,,,,,,,,,,,,,,,,,
,,,,,,,,,,,,,,,,,,,,,,,,,,,,,
,,,,,,,,,,,,,,,,,,,,,,,,,,,,,
,,,,,,,,,,,,,,,,,,,,,,,,,,,,,
,,,,,,,,,,,,,,,,,,,,,,,,,,,,,
,9,,LIMBAH CAIR,,,,,,,,,,,,,,,,,,,,,,,,,,600000/Paket
,,,Cr-Total,,75000,,"  92,000 ","  50,000 ","220,000",,,,,,,,,,,,,,,,,,,,
,,,Total Dissolved Solid (TDS),"64,698",90000,"  58,000 ","  57,000 ","  9,000 ","39,000",,,,,,,,,,,,,,,,,,,,
,,,Chemical Oxygen Demand (COD),"113,786",50000,"  84,000 ","  57,000 ","  37,000 ","138,000",,,,,,,,,,,,,,,,,,,,
,,,Biochemical Oxygen Demand (BOD),"271,645",50000,"  170,000 ","  54,000 ","  27,000 ","116,000",,,,,,,,,,,,,,,,,,,,
,,,Minyak Lemak (Inlet),"179,382",266000,-,"  65,000 ","  32,000 ","193,000",,,,,,,,,,,,,,,,,,,,
,,,Minyak Lemak (Outlet),"179,382",266000,-,"  65,000 ","  32,000 ","193,000",,,,,,,,,,,,,,,,,,,,
,,,N-Ammonia,"148,267",30000,-,"  30,500 ",,"55,000",,,,,,,,,,,,,,,,,,,,
,,,Minyak Lemak,"179,382",266000,-,"  65,000 ","  32,000 ","193,000",,,,,,,,,,,,,,,,,,,,
,,,pH,"31,329",15000,"  10,000 ","  22,000 ","  10,000 ","20,000",,,,,,,,,,,,,,,,,,,,
,,,Total Suspended Solid (TSS),"57,274",150000,75000,"  24,000 ","  9,000 ","33,000",,,,,,,,,,,,,,,,,,,,
,,,Dissolved Oxygen (DO),"82,764",25,42000,43000,"  13,000 ","39,000",,,,,,,,,,,,,,,,,,,,
,,,Biochemical Oxygen Demand (Outlet),"271,645",50000,"  170,000 ",,"  27,000 ","116,000",,,,,,,,,,,,,,,,,,,,
,,,Sulfida spektro,"160,414",-,-,"  50,000 ","  25,000 ","133,000",,,,,,,,,,,,,,,,,,,,
,,,Sulfida iodometri,"110,147",,,,,"133,000",,,,,,,,,,,,,,,,,,,,
,,,Nitrogen total (diluar ruang lingkup akreditasi KAN),,60000,-,,,"77,000",,,,,,,,,,,,,,,,,,,,
,,,Nitrogen organik,,60000,-,,,"77,000",,,,,,,,,,,,,,,,,,,,
,,,Krom VI,"256,154",,105000,42500,20000,"105,000",,,,,,,,,,,,,,,,,,,,
,,,Cadmium (Cd),,100000,99000,"  90,000 ","  50,000 ","50,000",,,,,,,,,,,,,,,,,,,,
,,,Timbal(pb),,100000,99000,"  92,000 ","  50,000 ","55,000",,,,,,,,,,,,,,,,,,,,
,,,Nikel(Ni),,100000,-,,"  50,000 ","50,000",,,,,,,,,,,,,,,,,,,,
,,,Seng (Zn),,100000,99000,90000,"  50,000 ","55,000",,,,,,,,,,,,,,,,,,,,
,,,Tembaga(cu),,100000,99000,"  90,000 ","  50,000 ","55,000",,,,,,,,,,,,,,,,,,,,
,,,Mangan (Mn),,100000,"  99,000 ",,"  50,000 ","50,000",,,,,,,,,,,,,,,,,,,,
,,,Besi (Fe),,100000,"  99,000 ","  42,500 ","  50,000 ","50,000",,,,,,,,,,,,,,,,,,,,
,,,suhu,,3000,"  10,000 ","  8,000 ","  2,000 ","20,000",,,,,,,,,,,,,,,,,,"2,000",,
,,,Nitrit,,25000,"  120,000 ","  31,000 ","  9,000 ","49,000",,,,,,,,,,,,,,,,,,,,
,,,,,,,,,,,,,,,,,,,,,,,,,,,,,
,10,,SIR,,,,,,,,,,,,,,,,,,,,,,,"460,000",,,
,,,Kadar abu,"88,347",,,,,"41,000",,,,,,,,,,,,,,,"150,000",,,,,
,,,Kadar nitrogen,"95,304",,,,,"77,000",,,,,,,,,,,,,,,"100,000",,,,,
,,,Kadar kotoran,"115,830",,,,,"150,000",,,,,,,,,,,,,,,"125,000",,,,,
,,,Kadar zat menguap,"58,211",,,,,,,,,,,,,,,,,,,,"10,000",,,,,
,,,Viskositas mooney,"424,902",-,-,,,"41,000",,,,,,,,,,,,,,,"120,000",,,,,
,,,Plasticity Retention Index (PRI),"132,792",-,-,,,"55,000",,,,,,,,,,,,,,,,,,,,
,,,Plastisitas awal (Po),"115,086",-,-,,,"109,000",,,,,,,,,,,,,,,"150,000",,,,,
,,,,,,,,,,,,,,,,,,,,,,,,"150,000",,,,,
,,,,,,,,,,,,,,,,,,,,,,,,,,,,,
,,,,,,,,,,,,,,,,,,,,,,,,,,,,,
,,,SEPATU  PDH PDL,,,,,,,,,,,,,,,,,,"1,502,000",,,,,,,,
,,,Berat jenis Sol luar ,"84,553",-,-,,,"34,000",,,,,,,,,,,,,,,,,,,,
,,,lebar Penguat tengah ,"35,011",-,-,,,"41,000",,,,,,,,,,,,,,,,,,,,
,,,Ketebalan hak Sol luar ,"35,011",-,-,,,"34,000",,,,,,,,,,,,,,,,,,,,
,,,"Perpanjangan putus, % sol luar ","204,193",-,-,,,"120,000",,,,,,,,,,,,,,,,,,,,
,,,Tegangan putus Sol luar ,"204,193",-,-,,,"61,000",,,,,,,,,,,,,,,,,,,,
,,,Tegangan tarik 200 % Sol luar ,"204,193",-,-,,,"150,000",,,,,,,,,,,,,,,,,,,,
,,,Kekerasan Sol luar ,"65,315",-,-,,,"30,000",,,,,,,,,,,,,,,,,,,,
,,,Ketahanan sobek Sol luar ,"202,243",-,-,,,"120,000",,,,,,,,,,,,,,,,,,,,
,,,Ketahanan kikis DIN Sol luar ,"199,869",-,-,,,"55,000",,,,,,,,,,,,,,,,,,,,
,,,Ketahanan retak lentur 150.000 x (Sol luar) ,"214,422",-,-,,,"164,000",,,,,,,,,,,,,,,,,,,,
,,,Ketebalan tutup hak Sol luar ,"35,011",-,-,,,"34,000",,,,,,,,,,,,,,,,,,,,
,,,Panjang Penguat tengah ,"35,011",-,-,,,"41,000",,,,,,,,,,,,,,,,,,,,
,,,Kadar abu jumlah ,,"  60,000 ",-,"  52,000 ",,"41,000",,,,,,,,,,,,,,,,,,,,
,,,Kadar air ,"79,693","  278,000 ",-,"  52,000 ",,"89,000",,,,,,,,,,,,,,,,,,,,
,,,pH ,"69,763","  15,000 ","  10,000 ","  22,000 ","  10,000 ","41,000",,,,,,,,,,,,,,,,,,,,
,,,Kadar Cr₂O₃ ,"113,325",-,-,,,"89,000",,,,,,,,,,,,,,,,,,,,
,,,Ketebalan Sol dalam ,"40,549",-,-,,,"34,000",,,,,,,,,,,,,,,,,,,,
,,,Penyerapan air sol dalam 1/2 jam ,"82,012","  15,000 ",-,,,"41,000",,,,,,,,,,,,,,,,,,,,
,,,Penyerapan air sol dalam 2 jam ,"82,012","  15,000 ",-,,,"41,000",,,,,,,,,,,,,,,,,,,,
,,,Kekuatan sobek lapis ,"188,873",-,-,,,"109,000",,,,,,,,,,,,,,,,,,,,
,,,Minyak dan Lemak,,-,-,"  65,000 ","  32,000 ","68,000",,,,,,,,,,,,,,,,,,,,
,,,Keadaan & kenampakan bentuk sepatu kiri & kanan ,"16,015",-,-,,,"41,000",,,,,,,,,,,,,,,,,,,,
,,,Keadaan & kenampakan bagian atas & bawah sepatu,"16,015",-,-,,,"41,000",,,,,,,,,,,,,,,,,,,,
,,,Keadaan & kenampakan kedudukan sepatu pada bidang datar ,"16,015",-,-,,,"41,000",,,,,,,,,,,,,,,,,,,,
,,,Keadaan & kenampakan pencantuman tanda & kode pada bagian ,"16,015",-,-,,,"41,000",,,,,,,,,,,,,,,,,,,,
,,,Keadaan & kenampakan jahitan ,"16,015",-,-,,,"41,000",,,,,,,,,,,,,,,,,,,,
,,,Tinggi sepatu & sol untuk sepatu kanan dan kiri dengan ukuran  ,"20,142",-,-,,,"41,000",,,,,,,,,,,,,,,,,,,,
,,,Nomor sepatu kanan & kiri ,"16,015",-,-,,,"41,000",,,,,,,,,,,,,,,,,,,,
,,,Kekuatan rekat antara bagian atas & bawah sepatu ,"223,033",-,-,,,"41,000",,,,,,,,,,,,,,,,,,,,
,,,Kekuatan rekat antara sol dalam & sol luar sepatu ,"223,033",-,-,,,"41,000",,,,,,,,,,,,,,,,,,,,
,,,"Tebal, mm ","35,011",-,-,,,"34,000",,,,,,,,,,,,,,,,,,,,
,,,Penyamakan ,"37,805",-,-,,,"34,000",,,,,,,,,,,,,,,,,,,,
,,,Ketahanan gosok cat tutup ,"96,372",-,-,,,"150,000",,,,,,,,,,,,,,,,,,,,
,,,Ketahanan retak & letup ,"165,998",-,-,,,"34,000",,,,,,,,,,,,,,,,,,,,
,,,Kemuluran ,,-,-,,,"34,000",,,,,,,,,,,,,,,,,,,,
,,,Ketahanan bengkuk 20.000 kali ,"166,435",-,-,,,"27,000",,,,,,,,,,,,,,,,,,,,
,,,a). Penyerapan air 2 jam ,"82,012","  15,000 ",-,,,"41,000",,,,,,,,,,,,,,,,,,,,
,,,b). Penyerapan air24 jam ,"82,012","  15,000 ",-,,,"41,000",,,,,,,,,,,,,,,,,,,,
,,,"Ketebalan bagian depan, samping, & bis belakang ","35,011",-,-,,,"34,000",,,,,,,,,,,,,,,,,,,,
,,,Ketebalan lapis bagian depan & samping ,"35,011",-,-,,,"34,000",,,,,,,,,,,,,,,,,,,,
,,,Ketebalan pengeras bagian depan & belakang ,"35,011",-,-,,,"34,000",,,,,,,,,,,,,,,,,,,,
,,,Jumlah helai benang jahit dalam lilitan bagian atas ,"35,011",-,-,,,"41,000",,,,,,,,,,,,,,,,,,,,
,,,Kekuatan tarik per helai benang jahit bagian atas ,"230,488",-,-,,,"120,000",,,,,,,,,,,,,,,,,,,,
,,,Tebal Penguat tengah ,"35,011",-,-,,,"34,000",,,,,,,,,,,,,,,,,,,,
,,,Bahan atasan sepatu,"21,263",-,-,,,"41,000",,,,,,,,,,,,,,,,,,,,
,,,Tebal atasan sepatu,"35,011",-,-,,,"34,000",,,,,,,,,,,,,,,,,,,,
,,,Warna atasan sepatu,"21,263",-,-,,"  7,000 ","41,000",,,,,,,,,,,,,,,,,,,,
,,,Bahan sol dalam bagian atas,"21,263",-,-,,,"41,000",,,,,,,,,,,,,,,,,,,,
,,,Tebal sol dalam bagian atas,"40,549",-,-,,,"34,000",,,,,,,,,,,,,,,,,,,,
,,,Bahan sol dalam bagian bawah,"21,263",-,-,,,"41,000",,,,,,,,,,,,,,,,,,,,
,,,Tebal sol dalam bagian bawah,"40,549",-,-,,,"34,000",,,,,,,,,,,,,,,,,,,,
,,,Bahan pengeras bagian depan,"21,263",-,-,,,"41,000",,,,,,,,,,,,,,,,,,,,
,,,Warna pengeras bagian depan,"21,263",-,-,,"  7,000 ","41,000",,,,,,,,,,,,,,,,,,,,
,,,Bahan pengeras bagian belakang,"21,263",-,-,,,"41,000",,,,,,,,,,,,,,,,,,,,
,,,Warna pengeras bagian belakang,"21,263",-,-,,"  7,000 ","41,000",,,,,,,,,,,,,,,,,,,,
,,,Bahan tatakan,"21,263",-,-,,,"41,000",,,,,,,,,,,,,,,,,,,,
,,,Warna tatakan,"21,263",-,-,,"  7,000 ","41,000",,,,,,,,,,,,,,,,,,,,
,,,Tebal tatakan bagian depan,"35,011",-,-,,,"34,000",,,,,,,,,,,,,,,,,,,,
,,,Tebal tatakan bagian belakang,"35,011",-,-,,,"34,000",,,,,,,,,,,,,,,,,,,,
,,,Bahan bagian lidah,"21,263",-,-,,,"41,000",,,,,,,,,,,,,,,,,,,,
,,,Warna bagian lidah,"21,263",-,-,,"  7,000 ","41,000",,,,,,,,,,,,,,,,,,,,
,,,Vamp lapis dan penguat,"21,263",-,-,,,"41,000",,,,,,,,,,,,,,,,,,,,
,,,Quarter lapis dan penguat,"21,263",-,-,,,"41,000",,,,,,,,,,,,,,,,,,,,
,,,Back lapis dan penguat,"21,263",-,-,,,"41,000",,,,,,,,,,,,,,,,,,,,
,,,Lidah lapis dan penguat,"21,263",-,-,,,"41,000",,,,,,,,,,,,,,,,,,,,
,,,Bahan sol luar,"21,263",-,-,,,"41,000",,,,,,,,,,,,,,,,,,,,
,,,Tinggi hak sol luar,"35,011",-,-,,,"41,000",,,,,,,,,,,,,,,,,,,,
,,,Bahan penguat tengah,"21,263",-,-,,,"41,000",,,,,,,,,,,,,,,,,,,,
,,,Bahan benang jahit,"21,263",-,-,,,"41,000",,,,,,,,,,,,,,,,,,,,
,,,Bahan mata ayam tali sepatu,"21,263",-,-,,,"41,000",,,,,,,,,,,,,,,,,,,,
,,,Warna mata ayam tali sepatu,"21,263",-,-,,,"41,000",,,,,,,,,,,,,,,,,,,,
,,,Warna tali sepatu,"21,263",-,-,,"  7,000 ","41,000",,,,,,,,,,,,,,,,,,,,
,,,Panjang tali sepatu,"35,011",-,-,,,"41,000",,,,,,,,,,,,,,,,,,,,
,,,Diameter tali sepatu,"35,011",-,-,,,"41,000",,,,,,,,,,,,,,,,,,,,
,,,Anyaman tali sepatu,"35,011",-,-,,,"41,000",,,,,,,,,,,,,,,,,,,,
,,,Kuat rekat antara atasan dengan sol luar bagian ujung,"223,033",-,-,,,"34,000",,,,,,,,,,,,,,,,,,,,
,,,Kuat rekat antara atasan dengan sol luar bagian samping dalam,"223,033",-,-,,,"34,000",,,,,,,,,,,,,,,,,,,,
,,,Kuat rekat antara atasan dengan sol luar bagian samping luar,"223,033",-,-,,,"34,000",,,,,,,,,,,,,,,,,,,,
,,,Kuat rekat antara atasan dengan sol luar bagian tumit,"223,033",-,-,,,"34,000",,,,,,,,,,,,,,,,,,,,
,,,Kuat rekat antara sol dalam dan sol luar,"223,033",-,-,,,"34,000",,,,,,,,,,,,,,,,,,,,
,,,Panjang sol luar,"50,847",-,-,,,"41,000",,,,,,,,,,,,,,,,,,,,
,,,Tinggi bagian belakang sol luar,"35,011",-,-,,,"41,000",,,,,,,,,,,,,,,,,,,,
,,,Kekuatan tarik atasan sepatu,"192,373",-,-,,,"34,000",,,,,,,,,,,,,,,,,,,,
,,,Kemuluran atasan sepatu,"192,373",-,-,,,"34,000",,,,,,,,,,,,,,,,,,,,
,,,Bahan lapis muka,"21,263",-,-,,,"41,000",,,,,,,,,,,,,,,,,,,,
,,,Tebal lapis muka,"35,011",-,-,,,"34,000",,,,,,,,,,,,,,,,,,,,
,,,Bahan lapis samping,"21,263",-,-,,,"41,000",,,,,,,,,,,,,,,,,,,,
,,,Tebal lapis samping,"35,011",-,-,,,"34,000",,,,,,,,,,,,,,,,,,,,
,,,Bahan lapis lidah,"21,263",-,-,,,"41,000",,,,,,,,,,,,,,,,,,,,
,,,Tebal lapis lidah,"35,011",-,-,,,"34,000",,,,,,,,,,,,,,,,,,,,
,,,Bahan lapis belakang,"21,263",-,-,,,"41,000",,,,,,,,,,,,,,,,,,,,
,,,Tebal lapis belakang,"35,011",-,-,,,"34,000",,,,,,,,,,,,,,,,,,,,
,,,Bahan lidah,"21,263",-,-,,,"41,000",,,,,,,,,,,,,,,,,,,,
,,,Tebal lidah,"35,011",-,-,,,"34,000",,,,,,,,,,,,,,,,,,,,
,,,Kekuatan tarik lidah,"192,373",-,-,,,"34,000",,,,,,,,,,,,,,,,,,,,
,,,Warna lidah,"21,263",-,-,,"  7,000 ","41,000",,,,,,,,,,,,,,,,,,,,
,,,Tinggi hak,"35,011",-,-,,,"41,000",,,,,,,,,,,,,,,,,,,,
,,,Warna sol luar,"21,263",-,-,,"  7,000 ","41,000",,,,,,,,,,,,,,,,,,,,
,,,Warna sol dalam bagian bawah,"21,263",-,-,,"  7,000 ","41,000",,,,,,,,,,,,,,,,,,,,
,,,Warna sol dalam bagian atas,"21,263",-,-,,"  7,000 ","41,000",,,,,,,,,,,,,,,,,,,,
,,,Warna benang jahit,"21,263",-,-,,"  7,000 ","41,000",,,,,,,,,,,,,,,,,,,,
,,,Bahan mata ayam,"21,263",-,-,,,"41,000",,,,,,,,,,,,,,,,,,,,
,,,Diameter dalam mata ayam,"35,011",-,-,,,"41,000",,,,,,,,,,,,,,,,,,,,
,,,Diameter luar mata ayam,"35,011",-,-,,,"41,000",,,,,,,,,,,,,,,,,,,,
,,,Jumlah benang tali sepatu,"35,011",-,-,,,"41,000",,,,,,,,,,,,,,,,,,,,
,,,Kekuatan tarik tali sepatu,"230,488",-,-,,,"120,000",,,,,,,,,,,,,,,,,,,,
,,,Penguat ujung tali sepatu,"35,011",-,-,,,"41,000",,,,,,,,,,,,,,,,,,,,
,,,Kain lapis dan penguat bagian quarter (samping),"21,263",-,-,,,"41,000",,,,,,,,,,,,,,,,,,,,
,,,Kain lapis dan penguat bagian vamp (depan),"21,263",-,-,,,"41,000",,,,,,,,,,,,,,,,,,,,
,,,Kain lapis dan penguat bagian tongue (lidah),"21,263",-,-,,,"41,000",,,,,,,,,,,,,,,,,,,,
,,,Kain lapis dan penguat bagian back counter (belakang),"21,263",-,-,,,"41,000",,,,,,,,,,,,,,,,,,,,
,,,Bahan hak,"21,263",-,-,,,"41,000",,,,,,,,,,,,,,,,,,,,
,,,Warna mata ayam,"21,263",-,-,,"  7,000 ","41,000",,,,,,,,,,,,,,,,,,,,
,,,Tebal tali sepatu,"35,011",-,-,,,"34,000",,,,,,,,,,,,,,,,,,,,
,,,"Bahan, bagian muka/atasan","21,263",-,-,,,"41,000",,,,,,,,,,,,,,,,,,,,
,,,"Penyamakan, bagian muka/atasan","21,263",-,-,,,"34,000",,,,,,,,,,,,,,,,,,,,
,,,"Warna, bagian muka/atasan","21,263",-,-,,"  7,000 ","41,000",,,,,,,,,,,,,,,,,,,,
,,,"Pengecatan, bagian muka/atasan","21,263",-,-,,,"41,000",,,,,,,,,,,,,,,,,,,,
,,,"Tebal, bagian muka/atasan","35,011",-,-,,,"34,000",,,,,,,,,,,,,,,,,,,,
,,,"Kadar air, bagian muka/atasan","79,693",-,-,"  52,000 ",,"89,000",,,,,,,,,,,,,,,,,,,,
,,,"Kadar abu, bagian muka/atasan",,"  60,000 ",-,"  52,000 ",,"41,000",,,,,,,,,,,,,,,,,,,,
,,,"Kadar Cr₂O₃, bagian muka/atasan","113,325",-,-,,,"89,000",,,,,,,,,,,,,,,,,,,,
,,,"Kadar minyak/lemak, bagian muka/atasan",,-,-,"  65,000 ","  32,000 ","68,000",,,,,,,,,,,,,,,,,,,,
,,,"pH, bagian muka/atasan","69,763",-,"  10,000 ",,"  10,000 ","41,000",,,,,,,,,,,,,,,,,,,,
,,,"Kelepasan nerf, bagian muka/atasan",,-,-,,,"34,000",,,,,,,,,,,,,,,,,,,,
,,,"Kelentingan (elastisitas), bagian muka/atasan",,-,-,,,"41,000",,,,,,,,,,,,,,,,,,,,
,,,"Kerataan warna, bagian muka/atasan","21,263",-,-,,,"41,000",,,,,,,,,,,,,,,,,,,,
,,,"Bahan, bagian samping atas","21,263",-,-,,,"41,000",,,,,,,,,,,,,,,,,,,,
,,,"Tebal, bagian samping atas","35,011",-,-,,,"34,000",,,,,,,,,,,,,,,,,,,,
,,,"Warna, bagian samping atas","21,263",-,-,,"  7,000 ","41,000",,,,,,,,,,,,,,,,,,,,
,,,"Bahan, bagian samping bawah","21,263",-,-,,,"41,000",,,,,,,,,,,,,,,,,,,,
,,,"Tebal, bagian samping bawah","35,011",-,-,,,"34,000",,,,,,,,,,,,,,,,,,,,
,,,"Warna, bagian samping bawah","21,263",-,-,,"  7,000 ","41,000",,,,,,,,,,,,,,,,,,,,
,,,"Bahan, bagian lidah 1","21,263",-,-,,,"41,000",,,,,,,,,,,,,,,,,,,,
,,,"Tebal, bagian lidah 1","35,011",-,-,,,"34,000",,,,,,,,,,,,,,,,,,,,
,,,"Warna, bagian lidah 1","21,263",-,-,,"  7,000 ","41,000",,,,,,,,,,,,,,,,,,,,
,,,"Bahan, bagian lidah 2","21,263",-,-,,,"41,000",,,,,,,,,,,,,,,,,,,,
,,,"Tebal, bagian lidah 2","35,011",-,-,,,"34,000",,,,,,,,,,,,,,,,,,,,
,,,"Warna, bagian lidah 2","21,263",-,-,,"  7,000 ","41,000",,,,,,,,,,,,,,,,,,,,
,,,"Bahan, bagian pengisi lidah","21,263",-,-,,,"41,000",,,,,,,,,,,,,,,,,,,,
,,,"Tebal, bagian pengisi lidah","35,011",-,-,,,"34,000",,,,,,,,,,,,,,,,,,,,
,,,"Warna, bagian pengisi lidah","21,263",-,-,,"  7,000 ","41,000",,,,,,,,,,,,,,,,,,,,
,,,"Bahan, sol dalam","21,263",-,-,,,"41,000",,,,,,,,,,,,,,,,,,,,
,,,"Warna, sol dalam","21,263",-,-,,"  7,000 ","41,000",,,,,,,,,,,,,,,,,,,,
,,,"Ketebalan, sol dalam","40,549",-,-,,,"34,000",,,,,,,,,,,,,,,,,,,,
,,,"Penyerapan air 30 menit, sol dalam","82,012","  15,000 ",-,,,"41,000",,,,,,,,,,,,,,,,,,,,
,,,"Penyerapan air 2 jam, sol dalam","82,012","  15,000 ",-,,,"41,000",,,,,,,,,,,,,,,,,,,,
,,,"Kekuatan tarik, sol dalam","192,373",-,-,,,"120,000",,,,,,,,,,,,,,,,,,,,
,,,"Kekuatan sobek, lapis sol dalam","188,873",-,-,,,"109,000",,,,,,,,,,,,,,,,,,,,
,,,"Bahan, lapis sol dalam","21,263",-,-,,,"41,000",,,,,,,,,,,,,,,,,,,,
,,,"Tebal, lapis sol dalam","35,011",-,-,,,"34,000",,,,,,,,,,,,,,,,,,,,
,,,"Warna, lapis sol dalam","21,263",-,-,,"  7,000 ","41,000",,,,,,,,,,,,,,,,,,,,
,,,"Bahan, sol luar dan hak","21,263",-,-,,,"41,000",,,,,,,,,,,,,,,,,,,,
,,,"Tebal sol luar dengan kembangan, bagian depan","50,847",-,-,,,"34,000",,,,,,,,,,,,,,,,,,,,
,,,"Tebal sol luar dengan kembangan, bagian belakang","50,847",-,-,,,"34,000",,,,,,,,,,,,,,,,,,,,
,,,"Tebal sol luar tanpa kembangan, bagian depan","50,847",-,-,,,"34,000",,,,,,,,,,,,,,,,,,,,
,,,"Tebal sol luar tanpa kembangan, bagian belakang","50,847",-,-,,,"34,000",,,,,,,,,,,,,,,,,,,,
,,,"Tegangan putus, sol luar bagian atas","204,193",-,-,,,"61,000",,,,,,,,,,,,,,,,,,,,
,,,"Perpanjangan putus, sol luar bagian atas","204,193",-,-,,,"120,000",,,,,,,,,,,,,,,,,,,,
,,,"Kekerasan, sol luar bagian atas","65,315",-,-,,,"30,000",,,,,,,,,,,,,,,,,,,,
,,,"Ketahanan sobek, sol luar bagian atas","188,873",-,-,,,"55,000",,,,,,,,,,,,,,,,,,,,
,,,"Berat jenis, sol luar bagian atas","84,553",-,-,,,"34,000",,,,,,,,,,,,,,,,,,,,
,,,"Ketahanan kikis, sol luar bagian atas","199,869",-,-,,,"55,000",,,,,,,,,,,,,,,,,,,,
,,,"Tegangan putus, sol luar bagian bawah","204,193",-,-,,,"61,000",,,,,,,,,,,,,,,,,,,,
,,,"Perpanjangan putus, sol luar bagian bawah","204,193",-,-,,,"120,000",,,,,,,,,,,,,,,,,,,,
,,,"Kekerasan, sol luar bagian bawah","65,315",-,-,,,"30,000",,,,,,,,,,,,,,,,,,,,
,,,"Ketahanan sobek, sol luar bagian bawah","188,873",-,-,,,"55,000",,,,,,,,,,,,,,,,,,,,
,,,"Berat jenis, sol luar bagian bawah","84,553",-,-,,,"34,000",,,,,,,,,,,,,,,,,,,,
,,,"Ketahanan kikis, sol luar bagian bawah","199,869",-,-,,,"55,000",,,,,,,,,,,,,,,,,,,,
,,,"Bahan gerigi, ritsluiting","21,263",-,-,,,"41,000",,,,,,,,,,,,,,,,,,,,
,,,"Bahan kepala, ritsluiting","21,263",-,-,,,"41,000",,,,,,,,,,,,,,,,,,,,
,,,"Panjang, ritsluiting","35,011",-,-,,,"41,000",,,,,,,,,,,,,,,,,,,,
,,,"Lebar, ritsluiting","35,011",-,-,,,"41,000",,,,,,,,,,,,,,,,,,,,
,,,"Bahan, penutup ritsluiting","21,263",-,-,,,"41,000",,,,,,,,,,,,,,,,,,,,
,,,"Warna, penutup ritsluiting","21,263",-,-,,"  7,000 ","41,000",,,,,,,,,,,,,,,,,,,,
,,,"Panjang, penutup ritsluiting","35,011",-,-,,,"41,000",,,,,,,,,,,,,,,,,,,,
,,,"Lebar, penutup ritsluiting","35,011",-,-,,,"41,000",,,,,,,,,,,,,,,,,,,,
,,,"Bahan, lubang angin","21,263",-,-,,,"41,000",,,,,,,,,,,,,,,,,,,,
,,,"Diameter, lubang angin","21,263",-,-,,,"41,000",,,,,,,,,,,,,,,,,,,,
,,,"Bahan, mata ayam","21,263",-,-,,,"41,000",,,,,,,,,,,,,,,,,,,,
,,,"Bentuk, mata ayam","21,263",-,-,,,"41,000",,,,,,,,,,,,,,,,,,,,
,,,"Panjang, mata ayam","35,011",-,-,,,"41,000",,,,,,,,,,,,,,,,,,,,
,,,"Lebar, mata ayam","35,011",-,-,,,"41,000",,,,,,,,,,,,,,,,,,,,
,,,"Diameter lubang, mata ayam","35,011",-,-,,,"41,000",,,,,,,,,,,,,,,,,,,,
,,,Sole adhesion test bagian ujung,"223,033",-,-,,,"34,000",,,,,,,,,,,,,,,,,,,,
,,,Sole adhesion test samping dalam,"223,033",-,-,,,"34,000",,,,,,,,,,,,,,,,,,,,
,,,Sole adhesion test samping luar,"223,033",-,-,,,"34,000",,,,,,,,,,,,,,,,,,,,
,,,Sole adhesion test tumit,"223,033",-,-,,,"34,000",,,,,,,,,,,,,,,,,,,,
,,,Peel test,"223,033",-,-,,,"41,000",,,,,,,,,,,,,,,,,,,,
,,,"Bahan, frame upper luar","21,263",-,-,,,"41,000",,,,,,,,,,,,,,,,,,,,
,,,"Warna, frame upper luar","21,263",-,-,,"  7,000 ","41,000",,,,,,,,,,,,,,,,,,,,
,,,"Tebal, frame upper luar","35,011",-,-,,,"34,000",,,,,,,,,,,,,,,,,,,,
,,,"Ketahanan tarik, frame upper luar","192,373",-,-,,,"34,000",,,,,,,,,,,,,,,,,,,,
,,,"Kemuluran, frame upper luar","192,373",-,-,,,"34,000",,,,,,,,,,,,,,,,,,,,
,,,"Ketahanan tekuk, frame upper luar","166,435",-,-,,,"34,000",,,,,,,,,,,,,,,,,,,,
,,,"Penyerapan air 2 jam, frame upper luar","82,012","  15,000 ",-,,,"41,000",,,,,,,,,,,,,,,,,,,,
,,,"Penyerapan air 24 jam, frame upper luar","82,012","  15,000 ",-,,,"41,000",,,,,,,,,,,,,,,,,,,,
,,,"Keadaan bahan, frame upper luar","21,263",-,-,,,"41,000",,,,,,,,,,,,,,,,,,,,
,,,"Cat finishing, frame upper luar","21,263",-,-,,,"41,000",,,,,,,,,,,,,,,,,,,,
,,,"Elastisitas, frame upper luar",,-,-,,,"41,000",,,,,,,,,,,,,,,,,,,,
,,,"Bahan, bagian upper quarter","21,263",-,-,,,"41,000",,,,,,,,,,,,,,,,,,,,
,,,"Warna, bagian upper vamp","21,263",-,-,,"  7,000 ","41,000",,,,,,,,,,,,,,,,,,,,
,,,"Kadar air, bagian upper vamp","79,693",-,-,"  52,000 ",,"89,000",,,,,,,,,,,,,,,,,,,,
,,,"Kadar abu, bagian upper vamp",,"  60,000 ",-,"  52,000 ",,"41,000",,,,,,,,,,,,,,,,,,,,
,,,"Kadar Cr₂O₃, bagian upper vamp","113,325",-,-,,,"89,000",,,,,,,,,,,,,,,,,,,,
,,,"Kadar minyak, bagian upper vamp",,-,-,,,"68,000",,,,,,,,,,,,,,,,,,,,
,,,"pH, bagian upper vamp","69,763",-,"  10,000 ",,"  10,000 ","41,000",,,,,,,,,,,,,,,,,,,,
,,,"Tebal, bagian upper vamp","35,011",-,-,,,"34,000",,,,,,,,,,,,,,,,,,,,
,,,"Ketahanan luntur warna terhadap penggosokan kering, bagian upper vamp","96,372",-,-,,,"150,000",,,,,,,,,,,,,,,,,,,,
,,,"Ketahanan luntur warna terhadap penggosokan basah, bagian upper vamp","96,372",-,-,,,"150,000",,,,,,,,,,,,,,,,,,,,
,,,"Ketahanan tarik, bagian upper vamp","192,373",-,-,,,"34,000",,,,,,,,,,,,,,,,,,,,
,,,"Kemuluran, bagian upper vamp","192,373",,-,,,"34,000",,,,,,,,,,,,,,,,,,,,
,,,"Penyerapan air 2 jam, bagian upper vamp","82,012","  15,000 ",-,,,"41,000",,,,,,,,,,,,,,,,,,,,
,,,"Penyerapan air 24 jam, bagian upper vamp","82,012","  15,000 ",-,,,"41,000",,,,,,,,,,,,,,,,,,,,
,,,"Keadaan bahan, bagian upper vamp","21,263",-,-,,,"41,000",,,,,,,,,,,,,,,,,,,,
,,,"Finishing warna, bagian upper vamp","21,263",-,-,,,"41,000",,,,,,,,,,,,,,,,,,,,
,,,"Elastisitas, bagian upper vamp",,-,-,,,"41,000",,,,,,,,,,,,,,,,,,,,
,,,"Tebal, sol dalam","35,011",-,-,,,"34,000",,,,,,,,,,,,,,,,,,,,
,,,"Kekuatan bengkuk, sol dalam","166,435",-,-,,,"34,000",,,,,,,,,,,,,,,,,,,,
,,,"Lining material, tatakan","21,263",-,-,,,"41,000",,,,,,,,,,,,,,,,,,,,
,,,"Tebal, tatakan bagian depan","35,011",-,-,,,"34,000",,,,,,,,,,,,,,,,,,,,
,,,"Bahan, lidah air","21,263",-,-,,,"41,000",,,,,,,,,,,,,,,,,,,,
,,,"Tebal, lidah air","35,011",-,-,,,"34,000",,,,,,,,,,,,,,,,,,,,
,,,"Warna, lidah air","21,263",-,-,,"  7,000 ","41,000",,,,,,,,,,,,,,,,,,,,
,,,"Bahan, lapis vamp","21,263",-,-,,,"41,000",,,,,,,,,,,,,,,,,,,,
,,,"Kekuatan sobek, lapis vamp","188,873",-,-,,,"109,000",,,,,,,,,,,,,,,,,,,,
,,,"Warna, lapis vamp","21,263",-,-,,"  7,000 ","41,000",,,,,,,,,,,,,,,,,,,,
,,,"Bahan, lapis quarter","21,263",-,-,,,"41,000",,,,,,,,,,,,,,,,,,,,
,,,"Kekuatan sobek, lapis quarter","188,873",-,-,,,"109,000",,,,,,,,,,,,,,,,,,,,
,,,"Warna, lapis quarter","21,263",-,-,,"  7,000 ","41,000",,,,,,,,,,,,,,,,,,,,
,,,"Bahan, sol luar","21,263",-,-,,,"41,000",,,,,,,,,,,,,,,,,,,,
,,,"Jarak jahitan, sol luar","22,210",-,-,,,"41,000",,,,,,,,,,,,,,,,,,,,
,,,"Ketahanan retak lentur 180.000 kali, sol luar","214,422",-,-,,,"61,000",,,,,,,,,,,,,,,,,,,,
,,,"Bahan, sol tengah","21,263",-,-,,,"41,000",,,,,,,,,,,,,,,,,,,,
,,,"Tebal, sol tengah","35,011",-,-,,,"34,000",,,,,,,,,,,,,,,,,,,,
,,,"Tegangan putus, sol tengah","204,193",-,-,,,"61,000",,,,,,,,,,,,,,,,,,,,
,,,"Perpanjangan putus, sol tengah","204,193",-,-,,,"61,000",,,,,,,,,,,,,,,,,,,,
,,,"Tegangan tarik 200%, sol tengah","204,193",-,-,,,"60,000",,,,,,,,,,,,,,,,,,,,
,,,"Kekerasan, sol tengah","65,315",-,-,,,"30,000",,,,,,,,,,,,,,,,,,,,
,,,"Perpanjangan tetap, sol tengah","66,187",-,-,,,"34,000",,,,,,,,,,,,,,,,,,,,
,,,"Ketahanan sobek, sol tengah","202,243",-,-,,,"120,000",,,,,,,,,,,,,,,,,,,,
,,,"Berat jenis, sol tengah","84,553",-,-,,,"34,000",,,,,,,,,,,,,,,,,,,,
,,,"Ketahanan kikis, sol tengah","199,869",-,-,,,"55,000",,,,,,,,,,,,,,,,,,,,
,,,"Ketahanan retak lentur 180.000 kali, sol tengah","214,422",-,-,,,"61,000",,,,,,,,,,,,,,,,,,,,
,,,"Bahan, Aksesoris BOA System Dial Liner M4","21,263",-,-,,,"41,000",,,,,,,,,,,,,,,,,,,,
,,,"Diameter, Aksesoris BOA System Dial Liner M4","35,011",-,-,,,"41,000",,,,,,,,,,,,,,,,,,,,
,,,"Warna, Aksesoris BOA System Dial Liner M4","21,263",-,-,,"  7,000 ","41,000",,,,,,,,,,,,,,,,,,,,
,,,"Bahan, Aksesoris BOA System Lace Guide","21,263",-,-,,,"41,000",,,,,,,,,,,,,,,,,,,,
,,,"Panjang, Aksesoris BOA System Lace Guide","35,011",-,-,,,"41,000",,,,,,,,,,,,,,,,,,,,
,,,"Lebar, Aksesoris BOA System Lace Guide","35,011",-,-,,,"41,000",,,,,,,,,,,,,,,,,,,,
,,,"Warna, Aksesoris BOA System Lace Guide","21,263",-,-,,"  7,000 ","41,000",,,,,,,,,,,,,,,,,,,,
,,,"Jumlah lilitan besi, tali sepatu","35,011",-,-,,,"41,000",,,,,,,,,,,,,,,,,,,,
,,,Kuat tarik tali sepatu,"230,488",-,-,,,"120,000",,,,,,,,,,,,,,,,,,,,
,,,Kuat rekat sol dalam dan filler,"223,033",-,-,,,"34,000",,,,,,,,,,,,,,,,,,,,
,,,Kuat rekat filler dan sol luar,"223,033",-,-,,,"34,000",,,,,,,,,,,,,,,,,,,,
,,,"Warna, bagian upper vamp quarter","21,263",-,-,,"  7,000 ","41,000",,,,,,,,,,,,,,,,,,,,
,,,"Kadar air, bagian upper vamp quarter","79,693",-,-,"  52,000 ",,"89,000",,,,,,,,,,,,,,,,,,,,
,,,"Kadar abu, bagian upper vamp quarter",,-,-,"  52,000 ",,"41,000",,,,,,,,,,,,,,,,,,,,
,,,"Kadar Cr₂O₃, bagian upper vamp quarter","113,325",-,-,,,"89,000",,,,,,,,,,,,,,,,,,,,
,,,"Kadar minyak, bagian upper vamp quarter",,-,-,,,"68,000",,,,,,,,,,,,,,,,,,,,
,,,"pH, bagian upper vamp quarter","69,763",-,"  10,000 ",,"  10,000 ","41,000",,,,,,,,,,,,,,,,,,,,
,,,"Tebal, bagian upper vamp quarter","35,011",-,-,,,"34,000",,,,,,,,,,,,,,,,,,,,
,,,"Ketahanan luntur warna terhadap penggosokan kering, bagian upper vamp quarter","96,372",-,-,,,"150,000",,,,,,,,,,,,,,,,,,,,
,,,"Ketahanan luntur warna terhadap penggosokan basah, bagian upper vamp quarter","96,372",-,-,,,"150,000",,,,,,,,,,,,,,,,,,,,
,,,"Ketahanan tarik, bagian upper vamp quarter","192,373",-,-,,,"34,000",,,,,,,,,,,,,,,,,,,,
,,,"Kemuluran, bagian upper vamp quarter","192,373",-,-,,,"34,000",,,,,,,,,,,,,,,,,,,,
,,,"Penyerapan air 2 jam, bagian upper vamp quarter","82,012",-,-,,,"41,000",,,,,,,,,,,,,,,,,,,,
,,,"Penyerapan air 24 jam, bagian upper vamp quarter","82,012",-,-,,,"41,000",,,,,,,,,,,,,,,,,,,,
,,,"Keadaan bahan, bagian upper vamp quarter","21,263",-,-,,,"41,000",,,,,,,,,,,,,,,,,,,,
,,,"Finishing warna, bagian upper vamp quarter","21,263",-,-,,,"41,000",,,,,,,,,,,,,,,,,,,,
,,,"Elastisitas, bagian upper vamp quarter",,-,-,,,"41,000",,,,,,,,,,,,,,,,,,,,